INSERT INTO TINH (MATINH, TENTINH, DIENTICH, DANSO, THIXA, MAMIEN)
VALUES 
('AG', N'AN GIANG', 3493, 181220, N'LONG XUYÊN', 'N'),
('BD', N'BÌNH ĐỊNH', 4503, 1420600, N'QUI NHƠN', 'T'),
('BG', N'BÌNH DƯƠNG', 3869, 590800, N'THỦ DẦU MỘT', 'N'),
('BI', N'BÌNH THUẬN', 6454, 544765, N'PHAN THIẾT', 'T'),
('BL', N'BẠC LIÊU', 6423, 867545, N'BẠC LIÊU', 'N'),
('BP', N'BÌNH PHƯỚC', 8678, 326547, N'ĐỒNG XOÀI', 'N'),
('BT', N'BẾN TRE', 5667, 4346754, N'BẾN TRE', 'N'),
('CB', N'CAO BẰNG', 8445, 2454734, N'CAO BẰNG', 'B'),
('CM', N'CÀ MAU', 4652, 754752, N'CÀ MAU', 'N'),
('CT', N'CẦN THƠ', 4126, 1559300, N'CẦN THƠ', 'N'),
('DL', N'ĐẮC LẮC', 11800, 661000, N'BAN MÊ THUỘT', 'T'),
('DN', N'ĐỒNG NAI', 7578, 1741000, N'BIÊN HÒA', 'N'),
('DT', N'ĐỒNG THÁP', 3391, 1335700, N'CAO LÃNH', 'N'),
('GL', N'GIA LAI', 25536, 764200, N'PLEIKU', 'T'),
('HB', N'HÀ BẮC', 4609, 1929300, N'HÀ BẮC', 'B'),
('HT', N'HÀ TĨNH', 9845, 1300500, N'HÀ TĨNH', 'T'),
('KG', N'KIÊN GIANG', 6358, 1150500, N'RẠCH GIÁ', 'N'),
('KH', N'KHÁNH HÒA', 3773, 836700, N'NHA TRANG', 'T'),
('LA', N'LONG AN', 4355, 1105300, N'LONG AN', 'N'),
('LC', N'LAI CHÂU', 17068, 387400, N'LAI CHÂU', 'B'),
('LD', N'LÂM ĐỒNG', 9933, 511300, N'ĐÀ LẠT', 'T'),
('NA', N'NGHỆ AN', 12502, 2457600, N'VINH', 'T'),
('NT', N'NINH THUẬN', 6374, 495600, N'PHAN RANG', 'T'),
('PY', N'PHÚ YÊN', 6804, 549700, N'TUY HÒA', 'T'),
('QB', N'QUẢNG BÌNH', 7340, 501800, N'ĐỒNG HỚI', 'T'),
('QN', N'QUẢNG NGÃI', 7900, 967500, N'QUẢNG NGÃI', 'T'),
('QT', N'QUẢNG TRỊ', 8555, 603350, N'ĐÔNG HÀ', 'T'),
('SG', N'TP. HỒ CHÍ MINH', 2029,3667600, N'SÀI GÒN', 'N'),
('ST', N'SÓC TRĂNG', 2523, 960400, N'SÓC TRĂNG', 'N'),
('TG', N'TIỀN GIANG', 2377, 1399100, N'MỸ THO', 'N'),
('TN', N'TÂY NINH', 4030, 772500, N'TÂY NINH', 'N'),
('TT', N'THỪA THIÊN HUẾ', 3123, 1000500, N'HUẾ', 'T'),
('TV', N'TRÀ VINH', 1732, 836200, N'TRÀ VINH', 'N'),
('VL', N'VĨNH LONG', 2154, 923600, N'VĨNH LONG', 'N');

INSERT INTO MIEN (MAMIEN, TENMIEN)
VALUES ('B', N'BẮC'),
('T', N'TRUNG'),
('N', N'NAM');

INSERT INTO NUOC(MANUOC, TENNUOC, THUDO)
VALUES
('CPC', N'CAMPUCHIA', N'PHNÔNG PÊNH'),
('LAO', N'LÀO', N'VIÊN CHĂN'),
('TRQ', N'TRUNG QUỐC', N'BẮC KINH');

INSERT INTO BIENGIOI(MATINH, MANUOC)
VALUES
('AG', 'CPC'),
('BP', 'CPC'),
('CB', 'TRQ'),
('DL', 'CPC'),
('DT', 'CPC'),
('GL', 'CPC'),
('GL', 'LAO'),
('HT', 'LAO'),
('KG', 'CPC'),
('LA', 'CPC'),
('LC', 'LAO'),
('LC', 'TRQ'),
('NA', 'LAO'),
('QB', 'LAO'),
('QT', 'LAO'),
('TN', 'CPC'),
('TT', 'LAO');

INSERT INTO LANGGIENG (MATINH, LG)
VALUES
('KG', 'AG'),
('KH', 'NT'),
('KH', 'PY'),
('KH', 'DL'),
('LA', 'SG'),
('LA', 'TG'),
('LA', 'DT'),
('LD', 'DN'),
('LD', 'NT'),
('NA', 'HT'),
('NT', 'BI'),
('NT', 'LD'),
('NT', 'KH'),
('PY', 'KH'),
('PY', 'BD'),
('QB', 'HT'),
('QB', 'QT'),
('QN', 'BD'),
('QT', 'QB'),
('QT', 'TT'),
('SG', 'LA'),
('SG', 'BG'),
('SG', 'TN'),
('SG', 'DN'),
('ST', 'CT'),
('ST', 'BL'),
('TG', 'LA'),
('TG', 'DT'),
('TG', 'BT'),
('TN', 'SG'),
('TT', 'QT'),
('TV', 'VL'),
('VL', 'CT'),
('VL', 'DT'),
('VL', 'TV');